/*
SQLyog Community v13.3.1 (64 bit)
MySQL - 8.0.45-0ubuntu0.24.04.1 : Database - system_dashboard
*********************************************************************
*/

/*!40101 SET NAMES utf8 */;

/*!40101 SET SQL_MODE=''*/;

/*!40014 SET @OLD_UNIQUE_CHECKS=@@UNIQUE_CHECKS, UNIQUE_CHECKS=0 */;
/*!40014 SET @OLD_FOREIGN_KEY_CHECKS=@@FOREIGN_KEY_CHECKS, FOREIGN_KEY_CHECKS=0 */;
/*!40101 SET @OLD_SQL_MODE=@@SQL_MODE, SQL_MODE='NO_AUTO_VALUE_ON_ZERO' */;
/*!40111 SET @OLD_SQL_NOTES=@@SQL_NOTES, SQL_NOTES=0 */;
CREATE DATABASE /*!32312 IF NOT EXISTS*/`system_dashboard` /*!40100 DEFAULT CHARACTER SET utf8mb4 COLLATE utf8mb4_general_ci */ /*!80016 DEFAULT ENCRYPTION='N' */;

USE `system_dashboard`;

/*Table structure for table `category_permissions` */

DROP TABLE IF EXISTS `category_permissions`;

CREATE TABLE `category_permissions` (
  `id` int NOT NULL AUTO_INCREMENT,
  `employee_code` varchar(255) NOT NULL,
  `category_id` int NOT NULL,
  `created_at` datetime NOT NULL DEFAULT CURRENT_TIMESTAMP,
  `updated_at` datetime DEFAULT NULL,
  `created_by` varchar(255) NOT NULL DEFAULT 'SYSTEM',
  `updated_by` varchar(255) DEFAULT NULL,
  PRIMARY KEY (`id`),
  KEY `idx_catperm_emp_cat` (`employee_code`,`category_id`)
) ENGINE=InnoDB AUTO_INCREMENT=6 DEFAULT CHARSET=utf8mb4 COLLATE=utf8mb4_0900_ai_ci;

/*Data for the table `category_permissions` */

insert  into `category_permissions`(`id`,`employee_code`,`category_id`,`created_at`,`updated_at`,`created_by`,`updated_by`) values 
(2,'BET0047',23,'2025-11-10 14:53:34',NULL,'SYSTEM',NULL),
(3,'ASU0020',23,'2025-12-08 04:26:41',NULL,'SYSTEM',NULL),
(4,'BET0047',27,'2025-12-09 07:47:33',NULL,'SYSTEM',NULL),
(5,'BET0029',27,'2025-12-09 07:47:52',NULL,'SYSTEM',NULL);

/*Table structure for table `login_logs` */

DROP TABLE IF EXISTS `login_logs`;

CREATE TABLE `login_logs` (
  `id` int unsigned NOT NULL AUTO_INCREMENT,
  `username` varchar(255) CHARACTER SET utf8mb4 COLLATE utf8mb4_general_ci DEFAULT NULL,
  `created_at` datetime NOT NULL DEFAULT CURRENT_TIMESTAMP,
  `lastlogin_at` datetime NOT NULL DEFAULT CURRENT_TIMESTAMP,
  PRIMARY KEY (`id`)
) ENGINE=InnoDB AUTO_INCREMENT=372 DEFAULT CHARSET=utf8mb4 COLLATE=utf8mb4_general_ci;

/*Data for the table `login_logs` */

insert  into `login_logs`(`id`,`username`,`created_at`,`lastlogin_at`) values 
(1,'BET0047','2025-12-11 02:21:03','2026-04-17 13:34:57'),
(2,'ASU0020','2025-12-11 02:21:37','2026-04-16 11:17:13'),
(3,'admin','2025-12-11 02:30:05','2026-04-17 13:35:10'),
(4,'BET0029','2025-12-11 03:24:31','2026-04-17 13:35:38'),
(5,'BGA0139','2025-12-11 05:33:28','2026-04-16 14:49:14'),
(6,'BET0001','2025-12-12 09:39:19','2026-04-10 15:41:55'),
(7,'BET0056','2025-12-22 09:38:17','2026-04-08 10:31:28'),
(8,'BHR0030','2025-12-26 14:39:26','2026-03-30 20:07:58'),
(9,'BHR0012','2026-01-26 09:35:04','2026-04-17 13:48:56'),
(10,'BHR0013','2026-03-05 09:30:16','2026-04-17 13:47:34'),
(11,'BET0049','2026-03-06 13:38:59','2026-04-09 15:53:03'),
(12,'BHR0018','2026-03-09 08:51:35','2026-04-15 00:01:06'),
(13,'BGA0161','2026-03-16 08:37:40','2026-04-10 09:56:06'),
(14,'BGA0166','2026-03-16 08:43:20','2026-04-10 15:05:17'),
(15,'BRC0036','2026-03-16 09:00:22','2026-04-16 14:28:15'),
(16,'BRC0034','2026-03-16 09:02:15','2026-03-31 11:15:43'),
(17,'BES0108','2026-03-16 09:11:15','2026-03-19 15:06:30'),
(18,'BES0097','2026-03-16 09:13:26','2026-04-08 09:35:57'),
(19,'BES0098','2026-03-16 09:14:03','2026-03-16 09:35:15'),
(20,'BET0045','2026-03-16 09:21:41','2026-03-25 19:26:27'),
(21,'BET0054','2026-03-16 09:26:44','2026-04-09 12:18:59'),
(22,'BES0106','2026-03-16 09:26:50','2026-04-07 10:27:04'),
(23,'BFP0101','2026-03-16 09:30:15','2026-04-13 16:55:17'),
(24,'BGA0144','2026-03-16 09:30:43','2026-03-30 09:01:05'),
(25,'BFP0042','2026-03-16 09:34:26','2026-03-16 09:34:26'),
(26,'BFP0102','2026-03-16 09:34:57','2026-04-05 16:17:20'),
(27,'BFP0028','2026-03-16 09:35:05','2026-04-03 03:13:05'),
(28,'BFP0002','2026-03-16 09:38:05','2026-04-03 07:52:14'),
(29,'BET0060','2026-03-16 09:38:25','2026-04-06 20:04:22'),
(30,'AAT0006','2026-03-16 09:41:07','2026-04-07 10:39:33'),
(31,'BGA0062','2026-03-16 09:55:08','2026-04-02 14:46:06'),
(32,'AIM0013','2026-03-16 09:56:50','2026-04-01 15:52:45'),
(33,'BHR0020','2026-03-16 09:58:56','2026-04-16 11:49:23'),
(34,'BHR0032','2026-03-16 10:00:29','2026-04-08 14:22:24'),
(35,'BGA1028','2026-03-16 10:03:42','2026-04-09 11:40:15'),
(36,'BHR0009','2026-03-16 10:09:37','2026-04-09 16:26:59'),
(37,'ACF0023','2026-03-16 10:20:38','2026-03-22 09:59:01'),
(38,'BSS0104','2026-03-16 10:25:06','2026-03-24 15:35:30'),
(39,'ATM0065','2026-03-16 10:32:10','2026-03-27 15:07:31'),
(40,'APE0003','2026-03-16 10:37:43','2026-03-16 10:37:43'),
(41,'BET0057','2026-03-16 10:46:53','2026-03-20 08:02:11'),
(42,'BET0034','2026-03-16 11:01:21','2026-04-17 13:34:37'),
(43,'BDC0009','2026-03-16 11:38:21','2026-04-03 10:29:48'),
(44,'BES0059','2026-03-16 11:51:47','2026-04-17 13:59:15'),
(45,'BGA0135','2026-03-16 12:00:58','2026-03-16 12:05:26'),
(46,'BET0062','2026-03-16 12:09:47','2026-03-26 17:14:30'),
(47,'BRC0018','2026-03-16 12:31:43','2026-03-16 12:31:43'),
(48,'BFP0001','2026-03-16 12:35:49','2026-04-10 15:00:41'),
(49,'ABC0015','2026-03-16 12:37:33','2026-04-10 14:27:59'),
(50,'BRC0035','2026-03-16 12:44:45','2026-04-08 10:05:50'),
(51,'BQA0009','2026-03-16 13:13:58','2026-04-03 16:30:53'),
(52,'BQA0004','2026-03-16 13:14:00','2026-04-07 10:26:19'),
(53,'BTM0039','2026-03-16 13:14:48','2026-04-11 14:23:14'),
(54,'BQA0012','2026-03-16 13:19:18','2026-03-17 13:21:35'),
(55,'BET0043','2026-03-16 13:21:15','2026-04-16 07:27:07'),
(56,'BET0020','2026-03-16 13:23:52','2026-04-09 16:01:22'),
(57,'BHR0022','2026-03-16 13:28:43','2026-04-08 09:24:01'),
(58,'BGA0158','2026-03-16 13:31:52','2026-04-09 15:38:52'),
(59,'BDC0018','2026-03-16 13:37:33','2026-03-31 23:14:47'),
(60,'BSS0159','2026-03-16 13:40:07','2026-04-16 10:50:18'),
(61,'APA0004','2026-03-16 13:55:59','2026-03-16 13:55:59'),
(62,'BSA0010','2026-03-16 14:11:35','2026-04-16 12:01:20'),
(63,'BPD0014','2026-03-16 14:23:16','2026-04-09 09:33:04'),
(64,'BSA0025','2026-03-16 14:33:54','2026-04-08 12:50:41'),
(65,'BDC0022','2026-03-16 15:19:02','2026-04-08 15:17:37'),
(66,'AIM1176','2026-03-16 15:19:08','2026-03-16 15:20:15'),
(67,'BGA0153','2026-03-16 15:21:28','2026-04-01 10:24:06'),
(68,'CGA0168','2026-03-16 15:31:07','2026-03-20 08:35:26'),
(69,'ATM0034','2026-03-16 16:08:23','2026-03-16 16:08:23'),
(70,'BRS0064','2026-03-16 18:04:25','2026-04-03 13:19:42'),
(71,'AMI0006','2026-03-16 23:45:44','2026-03-25 14:44:56'),
(72,'AMI0008','2026-03-17 07:27:04','2026-04-09 08:26:28'),
(73,'BSS0131','2026-03-17 08:26:40','2026-04-11 11:12:44'),
(74,'BES0101','2026-03-17 08:39:49','2026-04-16 12:40:18'),
(75,'CFP0083','2026-03-17 08:51:17','2026-03-17 08:51:17'),
(76,'BFP0052','2026-03-17 08:57:18','2026-04-03 16:19:43'),
(77,'BFP0081','2026-03-17 09:00:40','2026-04-07 09:47:49'),
(78,'BFP0065','2026-03-17 09:02:04','2026-04-16 09:48:53'),
(79,'BFP0072','2026-03-17 09:04:42','2026-03-24 16:14:32'),
(80,'BES0060','2026-03-17 09:06:57','2026-03-23 16:11:15'),
(81,'BSS0164','2026-03-17 09:13:08','2026-04-10 12:48:30'),
(82,'BGA0114','2026-03-17 09:14:48','2026-04-07 15:44:46'),
(83,'BSS0180','2026-03-17 09:24:34','2026-04-03 08:46:59'),
(84,'BSS0151','2026-03-17 09:25:49','2026-04-16 09:30:15'),
(85,'BSS0008','2026-03-17 09:26:35','2026-03-27 16:16:29'),
(86,'BES0118','2026-03-17 09:30:21','2026-04-16 10:56:29'),
(87,'BPD0018','2026-03-17 09:31:42','2026-04-08 15:12:05'),
(88,'BPD0017','2026-03-17 09:32:53','2026-04-09 10:03:02'),
(89,'BPD0016','2026-03-17 09:32:54','2026-04-16 12:37:47'),
(90,'BSA0022','2026-03-17 09:38:33','2026-03-31 13:58:13'),
(91,'BES0113','2026-03-17 09:58:06','2026-04-16 13:57:19'),
(92,'BDP0014','2026-03-17 10:02:02','2026-04-09 13:24:15'),
(93,'BGA0009','2026-03-17 10:03:45','2026-04-17 14:10:26'),
(94,'BDP0007','2026-03-17 10:05:36','2026-04-01 13:55:59'),
(95,'CSS0197','2026-03-17 10:19:20','2026-03-30 10:39:52'),
(96,'AAT0012','2026-03-17 10:26:50','2026-03-17 10:26:50'),
(97,'BES0009','2026-03-17 10:39:48','2026-04-16 14:00:23'),
(98,'BCF0034','2026-03-17 10:44:56','2026-03-17 10:44:56'),
(99,'BTM0051','2026-03-17 10:48:54','2026-03-17 10:48:54'),
(100,'BTM0062','2026-03-17 10:52:46','2026-03-18 10:49:29'),
(101,'BTM0061','2026-03-17 11:01:47','2026-04-01 16:17:47'),
(102,'BTM0052','2026-03-17 11:04:50','2026-04-08 17:25:46'),
(103,'ACF0033','2026-03-17 11:09:43','2026-04-16 12:35:32'),
(104,'AAT0019','2026-03-17 11:11:25','2026-04-14 21:00:44'),
(105,'BQA0016','2026-03-17 11:19:13','2026-04-16 15:09:12'),
(106,'APE0017','2026-03-17 13:09:34','2026-04-16 11:49:51'),
(107,'BET0059','2026-03-17 13:28:18','2026-04-16 09:32:26'),
(108,'APE0011','2026-03-17 13:30:23','2026-03-17 13:32:08'),
(109,'BRC0021','2026-03-17 14:13:40','2026-04-16 13:58:13'),
(110,'BRC0030','2026-03-17 15:10:17','2026-04-10 08:38:47'),
(111,'BET0061','2026-03-17 16:26:41','2026-04-03 08:15:14'),
(112,'BRS0001','2026-03-17 16:29:09','2026-04-10 21:06:29'),
(113,'CHR0033','2026-03-17 16:38:52','2026-04-09 11:04:01'),
(114,'BES0094','2026-03-17 16:45:43','2026-04-05 17:05:13'),
(115,'CES0121','2026-03-17 16:48:05','2026-04-02 14:25:45'),
(116,'ACF0029','2026-03-17 23:16:04','2026-04-16 09:03:38'),
(117,'BRS0006','2026-03-17 23:23:28','2026-03-17 23:23:28'),
(118,'ACF0009','2026-03-18 07:51:37','2026-03-19 08:30:18'),
(119,'BSS0142','2026-03-18 08:19:07','2026-04-06 09:28:36'),
(120,'BSS0149','2026-03-18 08:28:09','2026-04-09 08:20:46'),
(121,'BSS0199','2026-03-18 08:30:15','2026-03-20 12:52:55'),
(122,'ACF0005','2026-03-18 08:41:50','2026-04-01 20:20:15'),
(123,'BSS0167','2026-03-18 08:43:58','2026-04-16 15:29:43'),
(124,'ATM0001','2026-03-18 08:46:36','2026-04-08 12:19:50'),
(125,'ACF0010','2026-03-18 08:53:41','2026-04-03 18:47:30'),
(126,'BGA0152','2026-03-18 08:54:31','2026-03-27 16:06:32'),
(127,'BSS0168','2026-03-18 08:59:39','2026-04-09 11:11:29'),
(128,'BDC0013','2026-03-18 09:33:03','2026-04-16 08:09:00'),
(129,'BFP0097','2026-03-18 09:34:04','2026-03-18 09:34:04'),
(130,'BET0048','2026-03-18 09:38:44','2026-04-03 14:38:07'),
(131,'BSS0111','2026-03-18 09:43:53','2026-04-08 07:36:07'),
(132,'ATM0027','2026-03-18 10:07:32','2026-03-18 10:07:32'),
(133,'BSS0156','2026-03-18 10:08:43','2026-03-30 14:57:07'),
(134,'BTM0063','2026-03-18 10:47:23','2026-04-16 07:07:49'),
(135,'APE0013','2026-03-18 11:02:45','2026-03-18 21:55:32'),
(136,'BRC0037','2026-03-18 12:02:46','2026-04-09 14:57:28'),
(137,'ACF0040','2026-03-18 12:31:40','2026-04-16 15:53:10'),
(138,'BSS0189','2026-03-18 13:49:32','2026-03-18 13:49:32'),
(139,'AAT0009','2026-03-18 14:23:13','2026-03-18 14:23:13'),
(140,'BDC0012','2026-03-18 14:39:52','2026-04-09 15:56:34'),
(141,'BSS0202','2026-03-18 14:42:29','2026-03-24 15:21:13'),
(142,'AIM0009','2026-03-18 15:08:00','2026-03-20 15:02:04'),
(143,'BSS0109','2026-03-18 15:14:42','2026-03-20 08:49:25'),
(144,'BSS0133','2026-03-18 15:17:28','2026-03-25 14:18:57'),
(145,'BSS0183','2026-03-18 15:27:33','2026-03-26 07:43:40'),
(146,'DPD0002','2026-03-18 15:39:07','2026-04-07 08:11:47'),
(147,'ACF0018','2026-03-18 15:58:08','2026-03-18 15:58:08'),
(148,'BES0116','2026-03-18 15:59:34','2026-04-10 12:47:33'),
(149,'APH0008','2026-03-18 16:02:08','2026-03-18 18:43:14'),
(150,'BRS0058','2026-03-19 07:04:49','2026-04-02 14:19:37'),
(151,'BDP0020','2026-03-19 09:17:51','2026-03-30 10:02:55'),
(152,'APR0004','2026-03-19 09:27:25','2026-03-23 11:56:22'),
(153,'BSS0097','2026-03-19 10:00:55','2026-03-19 10:00:55'),
(154,'ACF0019','2026-03-19 11:25:06','2026-03-19 11:25:06'),
(155,'BTM0050','2026-03-19 12:48:33','2026-04-15 23:28:59'),
(156,'BGA1004','2026-03-19 13:54:16','2026-03-19 13:54:16'),
(157,'AAT0015','2026-03-19 14:00:41','2026-03-19 14:00:41'),
(158,'BSS0074','2026-03-19 14:27:10','2026-03-19 14:27:52'),
(159,'BPD0005','2026-03-19 15:19:15','2026-04-08 16:14:35'),
(160,'ACF0013','2026-03-19 16:31:21','2026-04-09 00:49:01'),
(161,'APH0016','2026-03-19 16:31:26','2026-03-19 16:31:26'),
(162,'BGA0156','2026-03-19 17:24:45','2026-04-13 08:09:33'),
(163,'CET0005','2026-03-19 18:15:28','2026-04-01 14:41:49'),
(164,'APS0003','2026-03-19 18:16:35','2026-03-19 18:16:35'),
(165,'APM0008','2026-03-19 20:17:44','2026-04-07 16:01:44'),
(166,'BSS0169','2026-03-19 20:18:15','2026-03-26 12:10:09'),
(167,'AOP0013','2026-03-20 05:39:03','2026-04-02 22:08:24'),
(168,'BSS0110','2026-03-20 08:52:26','2026-04-16 15:48:03'),
(169,'BRC0024','2026-03-20 11:08:42','2026-03-25 08:58:13'),
(170,'BET0046','2026-03-20 11:20:24','2026-03-31 12:54:06'),
(171,'BHR0005','2026-03-20 15:01:43','2026-04-02 07:54:55'),
(172,'AIM0044','2026-03-20 15:32:50','2026-04-13 17:19:44'),
(173,'AAN0003','2026-03-20 15:33:56','2026-03-31 23:09:44'),
(174,'BES0035','2026-03-20 15:49:43','2026-04-08 16:26:32'),
(175,'ACF0015','2026-03-20 16:41:03','2026-04-07 13:38:31'),
(176,'BGA0167','2026-03-20 16:56:22','2026-03-20 16:56:22'),
(177,'AIM0017','2026-03-20 18:23:18','2026-03-20 18:23:18'),
(178,'BGA0099','2026-03-21 09:19:02','2026-03-21 10:53:10'),
(179,'BRS0046','2026-03-21 10:50:09','2026-04-16 15:40:35'),
(180,'AIM0043','2026-03-21 11:50:13','2026-03-21 11:50:13'),
(181,'BSS0099','2026-03-21 15:09:07','2026-03-21 15:09:07'),
(182,'AIM0020','2026-03-21 16:33:58','2026-03-21 16:33:58'),
(183,'AAT0017','2026-03-21 22:23:37','2026-03-22 23:43:32'),
(184,'AIM0012','2026-03-22 05:22:51','2026-03-22 05:24:52'),
(185,'AIM0040','2026-03-22 11:19:19','2026-04-07 20:59:50'),
(186,'AOB0002','2026-03-22 19:01:07','2026-03-30 11:30:36'),
(187,'AIM0027','2026-03-22 22:31:59','2026-03-22 22:31:59'),
(188,'BGA1035','2026-03-23 08:53:06','2026-03-23 08:53:06'),
(189,'BRC0039','2026-03-23 09:43:33','2026-04-08 19:22:25'),
(190,'AIM0038','2026-03-23 09:47:02','2026-03-24 10:53:35'),
(191,'APR0005','2026-03-23 10:28:27','2026-04-07 21:03:16'),
(192,'AIM0016','2026-03-23 11:03:39','2026-03-31 14:51:22'),
(193,'BGA0160','2026-03-23 11:05:29','2026-03-23 11:05:29'),
(194,'BGA0014','2026-03-23 11:15:21','2026-03-30 13:26:47'),
(195,'ABC0013','2026-03-23 11:19:56','2026-03-23 11:19:56'),
(196,'BGA0157','2026-03-23 11:38:48','2026-03-30 09:41:14'),
(197,'ABC0012','2026-03-23 11:42:53','2026-04-01 14:50:14'),
(198,'BSS0150','2026-03-23 12:14:14','2026-04-02 09:50:08'),
(199,'BSS0166','2026-03-23 12:19:36','2026-03-23 12:19:36'),
(200,'BSS0200','2026-03-23 13:11:14','2026-04-09 14:44:49'),
(201,'BGA0017','2026-03-23 13:55:19','2026-04-16 13:40:34'),
(202,'BGA0172','2026-03-23 14:01:41','2026-03-27 16:27:20'),
(203,'AIM0046','2026-03-23 14:05:41','2026-03-30 15:28:04'),
(204,'BES0030','2026-03-23 15:42:33','2026-03-23 15:42:33'),
(205,'BES0100','2026-03-23 16:10:16','2026-03-31 14:31:21'),
(206,'BGA0170','2026-03-23 16:22:08','2026-04-07 10:15:13'),
(207,'APA1118','2026-03-23 17:09:11','2026-03-25 12:11:30'),
(208,'BGA0015','2026-03-23 18:41:52','2026-04-08 09:11:13'),
(209,'ASU0019','2026-03-23 22:53:44','2026-04-07 11:48:23'),
(210,'ATM0055','2026-03-24 08:52:49','2026-03-24 08:52:49'),
(211,'BFP0078','2026-03-24 09:56:50','2026-04-07 10:34:59'),
(212,'AIM0003','2026-03-24 10:20:53','2026-04-07 07:53:53'),
(213,'APR0001','2026-03-24 10:54:15','2026-04-02 20:07:35'),
(214,'BSS0203','2026-03-24 11:02:14','2026-03-26 11:16:03'),
(215,'AGA0163','2026-03-24 12:15:40','2026-03-24 12:15:40'),
(216,'BRS0066','2026-03-24 13:22:35','2026-03-24 13:39:37'),
(217,'BES0018','2026-03-24 13:33:41','2026-04-09 09:23:33'),
(218,'BES0105','2026-03-24 13:33:44','2026-03-24 13:33:44'),
(219,'BES0040','2026-03-24 13:34:02','2026-03-24 13:34:02'),
(220,'BES0008','2026-03-24 13:35:25','2026-03-27 14:21:22'),
(221,'BRS0052','2026-03-24 13:38:49','2026-04-10 08:35:53'),
(222,'BRS0053','2026-03-24 13:39:27','2026-04-10 08:43:46'),
(223,'BRS0003','2026-03-24 13:42:03','2026-04-02 14:32:56'),
(224,'BRS0005','2026-03-24 13:46:58','2026-04-16 08:36:09'),
(225,'BHR0031','2026-03-24 14:15:07','2026-04-03 09:23:33'),
(226,'AIM0023','2026-03-24 14:37:00','2026-04-08 13:41:54'),
(227,'BGA0140','2026-03-24 14:44:12','2026-04-03 11:03:52'),
(228,'BRS0070','2026-03-24 15:48:55','2026-04-10 13:03:34'),
(229,'CDP0019','2026-03-24 23:55:48','2026-04-16 07:01:57'),
(230,'ASU0004','2026-03-25 07:39:06','2026-03-25 07:39:06'),
(231,'ARM0006','2026-03-25 08:06:13','2026-03-25 08:07:27'),
(232,'BES0111','2026-03-25 09:11:28','2026-04-01 08:29:43'),
(233,'CRS0061','2026-03-25 09:50:45','2026-04-03 14:41:51'),
(234,'BGA1019','2026-03-25 12:56:11','2026-04-01 12:57:13'),
(235,'BFP0091','2026-03-25 13:23:11','2026-03-25 13:23:11'),
(236,'BGA0012','2026-03-25 13:26:46','2026-04-10 08:47:42'),
(237,'BDC0015','2026-03-25 14:00:49','2026-04-09 14:53:29'),
(238,'BGA0145','2026-03-25 15:28:21','2026-03-26 12:27:31'),
(239,'ABC0009','2026-03-25 16:08:07','2026-03-27 15:59:49'),
(240,'BFP0104','2026-03-25 18:38:19','2026-04-08 14:23:17'),
(241,'AIM0015','2026-03-25 19:16:03','2026-04-01 23:24:20'),
(242,'BES0015','2026-03-25 22:36:40','2026-04-11 11:59:25'),
(243,'AEM0003','2026-03-26 08:32:01','2026-03-26 08:32:01'),
(244,'AMI0009','2026-03-26 09:09:29','2026-04-15 11:17:25'),
(245,'BDC0016','2026-03-26 09:42:24','2026-04-16 09:41:58'),
(246,'BSS0187','2026-03-26 09:44:55','2026-04-10 09:10:32'),
(247,'BRS0060','2026-03-26 10:14:46','2026-04-10 10:21:09'),
(248,'APS0006','2026-03-26 10:25:18','2026-03-26 11:56:33'),
(249,'BSS0165','2026-03-26 10:28:46','2026-03-26 10:28:46'),
(250,'BFP0098','2026-03-26 10:58:31','2026-03-26 10:58:31'),
(251,'APA0010','2026-03-26 12:03:03','2026-03-26 12:03:03'),
(252,'ASU1100','2026-03-26 12:04:13','2026-03-26 12:11:06'),
(253,'BRS0057','2026-03-26 13:14:22','2026-04-01 18:40:45'),
(254,'AIM0037','2026-03-26 14:03:11','2026-03-26 14:03:11'),
(255,'CES0005','2026-03-26 14:05:58','2026-03-30 11:46:57'),
(256,'BES0114','2026-03-26 15:01:57','2026-03-30 10:05:59'),
(257,'BRS0071','2026-03-26 15:11:28','2026-04-09 16:26:58'),
(258,'CDC0023','2026-03-26 22:11:23','2026-03-26 22:24:05'),
(259,'AAT0014','2026-03-27 09:53:30','2026-03-30 16:02:28'),
(260,'BSS0134','2026-03-27 10:02:12','2026-04-02 13:46:17'),
(261,'AIM1159','2026-03-27 12:29:21','2026-03-27 12:29:21'),
(262,'6811670352','2026-03-27 14:53:06','2026-03-27 14:53:06'),
(263,'BSS0171','2026-03-27 14:56:25','2026-04-16 10:47:35'),
(264,'BES0123','2026-03-27 14:57:47','2026-03-27 14:57:47'),
(265,'BSS0076','2026-03-27 15:00:13','2026-04-16 14:39:59'),
(266,'BSS0106','2026-03-27 15:05:55','2026-04-03 09:12:23'),
(267,'APE0006','2026-03-27 16:03:21','2026-04-05 14:40:34'),
(268,'APM0002','2026-03-27 16:03:48','2026-03-27 16:03:48'),
(269,'BSA0015','2026-03-27 16:05:04','2026-03-27 16:05:04'),
(270,'BSS0147','2026-03-27 16:06:02','2026-03-31 15:11:16'),
(271,'BES0004','2026-03-27 16:06:48','2026-04-15 17:14:58'),
(272,'BGA0094','2026-03-27 16:06:57','2026-03-27 16:06:57'),
(273,'BDC0021','2026-03-27 16:07:43','2026-03-27 16:07:43'),
(274,'APE0005','2026-03-27 16:08:18','2026-04-05 15:05:34'),
(275,'BQA0015','2026-03-27 16:09:42','2026-04-16 14:30:19'),
(276,'APS1200','2026-03-27 16:10:12','2026-03-27 16:10:12'),
(277,'BES0010','2026-03-27 16:10:36','2026-03-27 16:10:36'),
(278,'BGA0137','2026-03-27 16:11:27','2026-03-27 16:11:27'),
(279,'ARM0005','2026-03-27 16:13:12','2026-03-29 22:05:49'),
(280,'BSS0130','2026-03-27 16:13:35','2026-04-10 12:49:42'),
(281,'BFP0099','2026-03-27 16:17:58','2026-03-27 16:17:58'),
(282,'BGA1036','2026-03-27 16:18:36','2026-04-02 15:36:58'),
(283,'BGA0010','2026-03-27 16:21:43','2026-04-02 09:08:37'),
(284,'BFP0100','2026-03-27 16:22:03','2026-04-03 16:05:49'),
(285,'BES0120','2026-03-27 16:37:23','2026-04-16 14:05:08'),
(286,'ATM0064','2026-03-27 18:26:11','2026-03-31 21:30:14'),
(287,'ATM0066','2026-03-27 18:31:22','2026-03-27 18:31:22'),
(288,'BSS0193','2026-03-27 20:58:55','2026-03-27 20:58:55'),
(289,'BSS0135','2026-03-28 06:30:53','2026-04-02 13:34:52'),
(290,'APE0012','2026-03-28 09:36:05','2026-03-28 09:36:05'),
(291,'6811670337','2026-03-28 13:20:30','2026-03-28 13:26:54'),
(292,'APA1102','2026-03-29 12:34:54','2026-03-29 12:34:54'),
(293,'ACB0002','2026-03-29 15:57:40','2026-03-29 15:57:40'),
(294,'AOB0017','2026-03-29 20:05:57','2026-03-29 20:29:18'),
(295,'ASU1090','2026-03-30 08:46:45','2026-03-30 08:46:45'),
(296,'BFP0067','2026-03-30 09:10:29','2026-04-07 14:52:32'),
(297,'BDC0014','2026-03-30 09:38:02','2026-04-07 10:05:43'),
(298,'BES0109','2026-03-30 09:44:19','2026-03-30 09:44:19'),
(299,'BGA0053','2026-03-30 10:07:42','2026-03-30 10:07:42'),
(300,'BDP0013','2026-03-30 10:13:01','2026-04-03 08:23:51'),
(301,'CSS0018','2026-03-30 10:20:44','2026-03-30 10:20:44'),
(302,'BSS0190','2026-03-30 10:54:54','2026-04-10 15:58:55'),
(303,'ARA0018','2026-03-30 10:57:24','2026-03-30 10:57:24'),
(304,'BRC0040','2026-03-30 11:25:33','2026-03-30 11:25:33'),
(305,'ACB0005','2026-03-30 13:11:29','2026-03-30 13:11:29'),
(306,'ABC0006','2026-03-30 13:18:24','2026-04-03 11:44:14'),
(307,'AAT0011','2026-03-30 14:35:52','2026-03-30 14:35:52'),
(308,'ATM0054','2026-03-30 14:38:20','2026-04-10 15:10:43'),
(309,'CTM0012','2026-03-30 15:09:40','2026-03-30 15:10:52'),
(310,'BGA0159','2026-03-31 08:47:58','2026-04-09 11:03:39'),
(311,'APM0005','2026-03-31 12:46:02','2026-04-09 07:18:57'),
(312,'BSA0019','2026-03-31 13:58:19','2026-04-08 12:49:27'),
(313,'BSA0021','2026-03-31 13:59:19','2026-04-16 12:18:23'),
(314,'AFR0002','2026-03-31 14:27:57','2026-04-01 17:25:52'),
(315,'AEM0008','2026-03-31 14:43:59','2026-03-31 15:18:34'),
(316,'ACF0030','2026-03-31 15:11:27','2026-04-07 11:58:32'),
(317,'AAN0020','2026-03-31 19:14:46','2026-04-08 14:55:11'),
(318,'APH0007','2026-03-31 20:19:20','2026-03-31 20:19:20'),
(319,'APM0006','2026-03-31 21:09:17','2026-04-12 16:34:06'),
(320,'ATM0042','2026-03-31 23:31:34','2026-04-02 20:55:44'),
(321,'BET0051','2026-04-01 06:39:20','2026-04-09 10:24:31'),
(322,'ACF0003','2026-04-01 07:40:11','2026-04-01 07:40:11'),
(323,'AMI0004','2026-04-01 11:41:22','2026-04-02 17:37:06'),
(324,'APE0014','2026-04-01 13:20:50','2026-04-01 13:20:50'),
(325,'AAT0013','2026-04-01 13:36:55','2026-04-04 13:19:28'),
(326,'AAN0018','2026-04-02 08:19:11','2026-04-03 15:15:52'),
(327,'AOP0002','2026-04-02 10:00:24','2026-04-02 10:00:24'),
(328,'BES0012','2026-04-02 10:13:53','2026-04-16 11:17:04'),
(329,'BSS0136','2026-04-02 10:34:18','2026-04-02 15:04:12'),
(330,'ABC0002','2026-04-02 10:39:45','2026-04-02 10:39:45'),
(331,'6811670626','2026-04-02 13:54:20','2026-04-02 13:54:20'),
(332,'ASU0030','2026-04-02 14:21:12','2026-04-02 14:21:12'),
(333,'BDC0011','2026-04-02 15:31:38','2026-04-02 15:31:38'),
(334,'BRS0069','2026-04-02 16:03:47','2026-04-03 07:25:33'),
(335,'ACB0003','2026-04-02 19:16:37','2026-04-02 19:16:37'),
(336,'BGA0110','2026-04-03 08:31:55','2026-04-03 09:27:48'),
(337,'BFP0096','2026-04-03 08:41:45','2026-04-03 08:41:45'),
(338,'ABC0011','2026-04-03 10:30:01','2026-04-03 10:30:01'),
(339,'AIM0019','2026-04-03 11:41:32','2026-04-07 12:19:34'),
(340,'BGA0173','2026-04-03 11:43:18','2026-04-10 11:10:21'),
(341,'6329640129','2026-04-03 17:10:19','2026-04-03 17:10:19'),
(342,'APH0010','2026-04-04 19:05:18','2026-04-04 19:05:18'),
(343,'6429640276','2026-04-06 02:57:36','2026-04-11 03:24:53'),
(344,'AOB0018','2026-04-06 10:04:16','2026-04-06 10:04:16'),
(345,'APE0025','2026-04-07 09:46:40','2026-04-07 09:46:40'),
(346,'APA0011','2026-04-07 11:31:15','2026-04-07 11:31:15'),
(347,'AAN0010','2026-04-07 12:30:45','2026-04-08 09:09:06'),
(348,'BET0022','2026-04-07 13:07:03','2026-04-08 11:43:47'),
(349,'BFP0008','2026-04-07 14:39:25','2026-04-07 14:39:25'),
(350,'AOP0010','2026-04-07 22:24:12','2026-04-07 22:24:12'),
(351,'APE0021','2026-04-08 09:10:53','2026-04-08 09:10:53'),
(352,'ATM0069','2026-04-08 15:32:33','2026-04-08 15:47:47'),
(353,'BPD0001','2026-04-08 16:14:43','2026-04-08 16:14:43'),
(354,'BDP0010','2026-04-09 10:15:31','2026-04-10 16:39:17'),
(355,'APS0002','2026-04-09 10:36:17','2026-04-09 10:36:17'),
(356,'BRC0009','2026-04-09 15:16:15','2026-04-09 15:16:15'),
(357,'AOP0009','2026-04-10 13:17:15','2026-04-10 13:17:15'),
(358,'APE0008','2026-04-10 13:49:08','2026-04-10 13:49:08'),
(359,'BES0085','2026-04-10 14:24:46','2026-04-10 14:24:46'),
(360,'BSA0026','2026-04-10 15:40:52','2026-04-17 14:36:43'),
(361,'6511670199','2026-04-10 20:45:00','2026-04-10 20:45:00'),
(362,'ATM0068','2026-04-11 16:00:29','2026-04-17 13:34:40'),
(363,'EIM0001','2026-04-14 10:24:41','2026-04-14 10:27:55'),
(364,'BRS0004','2026-04-16 10:01:29','2026-04-16 10:01:29'),
(365,'BSS0207','2026-04-16 10:28:13','2026-04-16 13:59:49'),
(366,'BPD0019','2026-04-16 11:02:04','2026-04-16 13:34:19'),
(367,'BES0099','2026-04-16 11:07:15','2026-04-16 11:07:15'),
(368,'AOT0004','2026-04-16 11:08:04','2026-04-16 11:21:18'),
(369,'ASU0033','2026-04-16 11:18:58','2026-04-17 14:42:39'),
(370,'CSS0204','2026-04-16 12:50:47','2026-04-16 12:50:47'),
(371,'CSS0205','2026-04-16 15:32:20','2026-04-16 15:32:20');

/*Table structure for table `system_categories` */

DROP TABLE IF EXISTS `system_categories`;

CREATE TABLE `system_categories` (
  `id` int NOT NULL AUTO_INCREMENT,
  `name` varchar(255) CHARACTER SET utf8mb4 COLLATE utf8mb4_0900_ai_ci NOT NULL,
  `created_at` datetime NOT NULL DEFAULT CURRENT_TIMESTAMP,
  `created_by` varchar(255) CHARACTER SET utf8mb4 COLLATE utf8mb4_0900_ai_ci NOT NULL DEFAULT 'SYSTEM',
  `updated_at` timestamp NULL DEFAULT CURRENT_TIMESTAMP,
  `updated_by` varchar(255) CHARACTER SET utf8mb4 COLLATE utf8mb4_0900_ai_ci DEFAULT NULL,
  `public` tinyint(1) DEFAULT '0',
  PRIMARY KEY (`id`)
) ENGINE=InnoDB AUTO_INCREMENT=28 DEFAULT CHARSET=utf8mb4 COLLATE=utf8mb4_general_ci;

/*Data for the table `system_categories` */

insert  into `system_categories`(`id`,`name`,`created_at`,`created_by`,`updated_at`,`updated_by`,`public`) values 
(1,'ระบบงานพื้นฐาน','2025-05-30 10:14:38','SYSTEM','2025-12-09 03:38:40','admin',1),
(23,'ระบบงานเฉพาะ','2025-06-25 14:17:59','admin','2025-12-09 03:50:01','admin',1),
(27,'งานเทคโนโลยีทางการศึกษา','2025-12-09 14:43:44','admin','2026-03-19 01:59:50','admin',1);

/*Table structure for table `system_permissions` */

DROP TABLE IF EXISTS `system_permissions`;

CREATE TABLE `system_permissions` (
  `id` int NOT NULL AUTO_INCREMENT,
  `employee_code` varchar(255) CHARACTER SET latin1 COLLATE latin1_swedish_ci NOT NULL,
  `system_id` int NOT NULL,
  `isAdmin` tinyint(1) NOT NULL DEFAULT '0',
  `created_at` datetime NOT NULL DEFAULT CURRENT_TIMESTAMP,
  `created_by` varchar(255) CHARACTER SET latin1 COLLATE latin1_swedish_ci NOT NULL DEFAULT 'SYSTEM',
  `updated_by` varchar(255) DEFAULT NULL,
  PRIMARY KEY (`id`),
  KEY `idx_sysperm_emp_sys` (`employee_code`,`system_id`)
) ENGINE=InnoDB AUTO_INCREMENT=21 DEFAULT CHARSET=utf8mb4 COLLATE=utf8mb4_0900_ai_ci;

/*Data for the table `system_permissions` */

insert  into `system_permissions`(`id`,`employee_code`,`system_id`,`isAdmin`,`created_at`,`created_by`,`updated_by`) values 
(7,'BET0047',17,0,'2025-11-10 15:57:07','SYSTEM',NULL),
(8,'BET0047',37,0,'2025-11-26 08:57:14','SYSTEM',NULL),
(9,'ASU0020',37,0,'2025-12-03 20:31:50','system',NULL),
(10,'ASU0020',31,0,'2025-12-03 20:32:05','system',NULL),
(11,'ASU0020',32,0,'2025-12-03 20:32:13','system',NULL),
(12,'ASU0020',33,0,'2025-12-03 20:32:23','system',NULL),
(13,'ASU0020',36,0,'2025-12-03 20:32:39','system',NULL),
(14,'ASU0020',35,0,'2025-12-03 20:32:49','system',NULL),
(15,'ASU0020',34,0,'2025-12-03 20:33:11','system',NULL),
(16,'BET0047',30,0,'2025-12-03 20:33:51','system',NULL),
(17,'ASU0020',30,0,'2025-12-03 20:34:00','system',NULL),
(18,'BET0029',40,1,'2025-12-09 14:45:09','system',NULL),
(19,'BET0047',40,1,'2025-12-09 14:45:21','system',NULL),
(20,'BET0047',38,1,'2026-04-08 08:50:05','system',NULL);

/*Table structure for table `systems` */

DROP TABLE IF EXISTS `systems`;

CREATE TABLE `systems` (
  `id` int NOT NULL AUTO_INCREMENT,
  `name` varchar(255) DEFAULT NULL,
  `icon` varchar(255) NOT NULL DEFAULT 'User',
  `description` longtext,
  `category_id` int NOT NULL,
  `owner_department` varchar(255) NOT NULL DEFAULT 'none',
  `url` varchar(255) DEFAULT NULL,
  `created_at` datetime NOT NULL DEFAULT CURRENT_TIMESTAMP,
  `created_by` varchar(255) NOT NULL DEFAULT 'SYSTEM',
  `updated_at` datetime NOT NULL DEFAULT CURRENT_TIMESTAMP,
  `updated_by` varchar(255) DEFAULT NULL,
  `img_icon` mediumtext CHARACTER SET utf8mb4 COLLATE utf8mb4_0900_ai_ci,
  `sso` tinyint(1) NOT NULL DEFAULT '0',
  `sso_code` tinyint(1) NOT NULL DEFAULT '0',
  `public` tinyint(1) DEFAULT '1',
  `access_prefixes` varchar(255) DEFAULT NULL,
  PRIMARY KEY (`id`)
) ENGINE=InnoDB AUTO_INCREMENT=46 DEFAULT CHARSET=utf8mb4 COLLATE=utf8mb4_0900_ai_ci;

/*Data for the table `systems` */

insert  into `systems`(`id`,`name`,`icon`,`description`,`category_id`,`owner_department`,`url`,`created_at`,`created_by`,`updated_at`,`updated_by`,`img_icon`,`sso`,`sso_code`,`public`,`access_prefixes`) values 
(17,'บริการงานเทคโน','airplay','ระบบสำหรับบริการงานเทคโนฯ เช่น การขอใช้บริการ Network , การขอใช้บริการงานโสตทัศนูปกร ฯลฯ',1,'งานเทคโนโลยีทางการศึกษา','https://student.med.tu.ac.th/serviceTechno/sso_login_service.php','2025-06-25 14:24:13','admin','2025-12-09 11:08:25','admin','/icons/setting.png',1,0,1,NULL),
(19,'สวัสดิการบุคลากร','hand-heart','ระบบแสดงสวัสดิการ 5000 คณะแพทยศาสตร์ และ สวัสดิการยืดหยุ่น',1,'งานทรัพยากรมนุษย์','https://med.tu.ac.th/welfare_employee','2025-06-25 15:49:04','admin','2025-12-16 16:04:00','admin','/icons/welfare.png',1,0,1,NULL),
(20,'จองห้องประชุม ศูนย์การเรียบรู้','calendar-range','ระบบจองห้องศูนย์การเรียนรู้คณะแพทยศาสตร์',1,'งานเทคโนโลยีทางการศึกษา','https://med-tu.org/med-booking/sso_login.php','2025-11-10 14:42:12','admin','2025-12-09 16:30:38','admin','/icons/booking-icon.png',1,0,1,NULL),
(21,'ประเมินบุคลากร','sprout','ระบบงานสำหรับประเมินบุคลากร',1,'งานทรัพยากรมนุษย์','https://med.tu.ac.th/Assessment','2025-11-10 15:59:06','admin','2025-11-24 11:19:42','admin','/icons/clock.png',1,1,1,NULL),
(22,'Intranet (เก่า)','airplay','ระบบงานเดิม เช่น HR , PMIS , ลืมแสกนนิ้ว , ลืมแสกนหน้า , สลิปเงินเดือน ฯลฯ',1,'งานเทคโนโลยีทางการศึกษา','http://203.131.209.137/main/authorise/sso_intra_code.php','2025-11-17 13:20:05','admin','2025-12-15 08:34:35','admin','/icons/web.png',1,1,1,NULL),
(24,'ระบบลาออนไลน์','redo-2','เจ้าของระบบงาน กองทรัพยากรมนุษย์ มหาวิทยาลัยธรรมศาสตร์',1,'กองทรัพยากรมนุษย์','https://leave.person.tu.ac.th/ThaiCom-TUHR/','2025-11-17 13:29:21','admin','2025-12-12 14:11:28','admin','/icons/leave.png',0,0,1,NULL),
(25,'รายงานความเสี่ยง','redo-2','ระบบสำหรับรายงานความเสี่ยง อุทกภัยต่างๆ เช่น ไฟไหม้ น้ำท่วม ฯลฯ',1,'งานพัฒนาคุณภาพ','http://203.131.209.137/main/RiskRegister/#','2025-11-17 13:30:08','admin','2025-12-15 08:36:03','admin','/icons/risk.png',0,0,1,NULL),
(26,'คลังภาพ','picture-in-picture','ระบบคลังรูปภาพคณะแพทยศาสตร์ เข้าได้เฉพาะผู้ได้รับสิทธิ์ของแต่ละหน่วยงาน',1,'งานเทคโนโลยีทางการศึกษา','https://gallery.med.tu.ac.th/file/#/signin','2025-11-17 13:34:05','admin','2025-12-15 08:35:09','admin','/icons/img_store.png',0,0,1,NULL),
(27,'ระบบสลิปเงินเดือน (มหาวิทยาลัย)','badge-dollar-sign','-',1,'มหาวิทยาลัย','https://finance-tu.com/slip/Authentication.aspx','2025-11-24 11:16:10','admin','2026-03-26 13:07:38','admin','/icons/income_tu.png',0,0,1,NULL),
(28,'แจ้งรายรับ (คณะแพทยฯ)','badge-dollar-sign','-',1,'งานคลังและพัสดุ','https://med.tu.ac.th/income_display/sso_login.php','2025-11-24 11:17:06','admin','2025-11-28 09:47:03','admin','/icons/income_med.png',1,0,1,NULL),
(29,'ระบบบริหารจัดการความรู้ (KM)','book-open','-',1,'งานพัฒนาคุณภาพ','https://med.tu.ac.th/medtukm','2025-11-24 11:18:40','admin','2025-12-15 08:26:02','admin',NULL,0,0,1,NULL),
(30,'Data Dashboard','chart-column-decreasing','-',23,'งานบริหารทั่วไป','#','2025-11-24 11:22:53','admin','2025-12-14 09:14:24','admin',NULL,0,0,1,NULL),
(31,'Formative online','book-copy','-',23,'งานบริการการศึกษา','https://med-tu.org/online_exam','2025-11-24 11:24:34','admin','2026-04-17 13:25:28','admin','/icons/exam.png',0,0,0,'A'),
(32,'GCP','monitor','-',23,'งานบริหารงานวิจัย (EC)','https://med-tu.org/GCP','2025-11-24 11:26:17','admin','2026-04-17 13:25:42','admin',NULL,0,0,0,'A'),
(33,'SOP','monitor-stop','-',23,'งานบริหารงานวิจัย (EC)','https://med-tu.org/sop','2025-11-24 11:26:51','admin','2026-04-17 13:25:47','admin',NULL,0,0,0,'A'),
(34,'E-Learning','monitor-play','-',23,'งานบริการการศึกษา','https://med.tu.ac.th/elearning','2025-11-24 11:27:35','admin','2026-04-17 13:26:02','admin',NULL,0,0,0,'A'),
(35,'e-Portfolio','user-round-search','-',23,'งานบริการการศึกษา / งานกิจการนักศึกษา','https://student.med.tu.ac.th/eportfolio','2025-11-24 11:29:15','admin','2026-04-17 13:27:27','admin',NULL,0,0,0,'A'),
(36,'ตารางเรียน','calendar-days','-',23,'งานบริการการศึกษา','#','2025-11-24 11:29:46','admin','2026-04-17 13:26:43','admin',NULL,0,0,0,'A'),
(37,'Rexx','monitor','-',23,'งานบริการการศึกษา','#','2025-11-24 11:30:40','admin','2026-04-17 13:26:52','admin','/icons/Rexx.png',0,0,0,'A'),
(38,'medbookingtest','alarm-clock','-',23,'งานเทคโนโลยีทางการศึกษา','https://med.tu.ac.th/med-booking/sso_login.php','2025-11-27 09:59:27','admin','2026-04-16 11:55:03','admin',NULL,1,0,0,NULL),
(40,'ระบบจัดการผู้ใช้งาน Internet','network','ระบบสำหรับจัดการผู้ใช้งานอินเตอร์เน็ต',27,'งานเทคโนโลยีทางการศึกษา','https://med.tu.ac.th/network_manageusers','2025-12-09 14:44:55','admin','2025-12-14 09:08:27','admin',NULL,0,0,0,NULL),
(41,'ระบบเอกสารภาษีของคณะ','badge-dollar-sign','ระบบภาษี มหาลัย',1,'มหาลัย','https://tax50.ict.tu.ac.th/tu_tax/','2026-03-11 12:45:10','admin','2026-03-11 12:45:10',NULL,NULL,0,0,1,NULL),
(42,'ระบบจองห้องประชุม/รถ','book-check','ระบบจองรถ จองห้องประชุม',1,'งานบริหารทั่วไป','http://203.131.209.136/intranet/login.php','2026-03-16 10:24:47','admin','2026-03-16 10:24:47',NULL,NULL,0,0,1,NULL),
(43,'E-Office','book-a','ระบบเอกสารอิเล็กทรอนิก',1,'คณะแพทยฯ','http://203.131.209.131/','2026-03-16 10:32:37','admin','2026-03-26 13:06:56','admin',NULL,0,0,1,NULL),
(44,'จองห้องประชุม ศูนย์การเรียบรู้ (Test)','calendar-range','-',27,'งานเทคโนโลยีทางการศึกษา','https://med.tu.ac.th/med-booking/sso_login.php','2026-03-24 14:56:23','admin','2026-04-14 10:27:41','admin',NULL,1,0,0,NULL),
(45,'ระบบสลิปเงินเดือน (ข้าราชการ/ลูกจ้างประจำ))','badge-dollar-sign','สำหรับข้าราชการ และลูกจ้างประจำ',1,'มหาวิทยาลัย','https://slip.tu.ac.th/Login.aspx','2026-03-26 13:11:03','admin','2026-03-26 13:11:03',NULL,NULL,0,0,1,NULL);

/*Table structure for table `users` */

DROP TABLE IF EXISTS `users`;

CREATE TABLE `users` (
  `id` int NOT NULL AUTO_INCREMENT,
  `username` varchar(255) CHARACTER SET latin1 COLLATE latin1_swedish_ci NOT NULL,
  `password` mediumtext CHARACTER SET latin1 COLLATE latin1_swedish_ci,
  `role` enum('superadmin','admin','user') CHARACTER SET latin1 COLLATE latin1_swedish_ci NOT NULL DEFAULT 'superadmin',
  `created_at` datetime NOT NULL DEFAULT CURRENT_TIMESTAMP,
  `created_by` varchar(255) CHARACTER SET latin1 COLLATE latin1_swedish_ci NOT NULL DEFAULT 'SYSTEM',
  `fname` varchar(255) NOT NULL,
  `lname` varchar(255) NOT NULL,
  PRIMARY KEY (`id`),
  UNIQUE KEY `UNIQUE` (`username`)
) ENGINE=InnoDB AUTO_INCREMENT=4 DEFAULT CHARSET=utf8mb4 COLLATE=utf8mb4_0900_ai_ci;

/*Data for the table `users` */

insert  into `users`(`id`,`username`,`password`,`role`,`created_at`,`created_by`,`fname`,`lname`) values 
(3,'admin','$2b$10$vYT8er6FjTRiIAKNDJqQROCxTt5XTuw7GMFwyKQdc8IweFJ7DTIvu','superadmin','2025-06-12 07:42:12','SYSTEM','Administrator','system');

/*!40101 SET SQL_MODE=@OLD_SQL_MODE */;
/*!40014 SET FOREIGN_KEY_CHECKS=@OLD_FOREIGN_KEY_CHECKS */;
/*!40014 SET UNIQUE_CHECKS=@OLD_UNIQUE_CHECKS */;
/*!40111 SET SQL_NOTES=@OLD_SQL_NOTES */;
